{
  "train_loss": [
    4.013672307133675,
    2.4628532752394676,
    1.8126416392624378,
    1.3828200194984674,
    1.1763890273869038,
    1.0109330527484417,
    0.7915348773822188,
    0.7389544527977705,
    0.6925379745662212,
    0.6452519660815597,
    0.6699760253541172,
    0.583391435444355,
    0.5965810175985098,
    0.598306258674711,
    0.5074967173859477,
    0.5502428002655506,
    0.48465357813984156,
    0.4558068183250725,
    0.45340577187016606,
    0.5447600916959345,
    0.4304310278967023,
    0.4010893329977989,
    0.3960280588362366,
    0.39181565353646874,
    0.3623554930090904,
    0.38239471917040646,
    0.37522633327171206,
    0.4281562305986881,
    0.3916381704621017,
    0.46335832867771387,
    0.408390948548913,
    0.46822169655933976,
    0.4266744083724916,
    0.38127060420811176,
    0.40086638974025846,
    0.3788017434999347,
    0.34608530695550144,
    0.34110322361811996,
    0.37271155905909836,
    0.3246024928521365,
    0.33919021976180375,
    0.2949186608893797,
    0.30996783054433763,
    0.2996863641310483,
    0.3557679515797645,
    0.32879479764960706,
    0.31755786878056824,
    0.32689612288959324,
    0.2926088512176648,
    0.43052907148376107,
    0.3269230180885643,
    0.35249848384410143,
    0.34172856621444225,
    0.3711855923756957,
    0.36566778598353267,
    0.31567843700759113,
    0.3014679205371067,
    0.384525140048936,
    0.32435748795978725,
    0.28734183544293046,
    0.28727147879544646,
    0.25600640708580613,
    0.25990678422385827,
    0.22888317157048732,
    0.22232650563819334,
    0.2886884937179275,
    0.31126738525927067,
    0.2855463158339262,
    0.2532791425473988,
    0.24565240205265582,
    0.2597907923627645,
    0.26865777582861483,
    0.3614690724061802,
    0.33016808750107884,
    0.3319586794823408,
    0.3420072575099766,
    0.3032995418761857,
    0.24006907013244927,
    0.30190109042450786,
    0.409420010750182,
    0.30161576345562935,
    0.29767184308730066,
    0.2617411070968956,
    0.2587640204001218,
    0.26266197115182877,
    0.2712201923131943,
    0.31635033432394266,
    0.3348318147473037,
    0.2963346536271274,
    0.23214655835181475,
    0.3256176923168823,
    0.3879434294067323,
    0.3016835465095937,
    0.18957885005511343,
    0.2065355870872736,
    0.22976401477353647,
    0.22404028655728325,
    0.2180710524553433,
    0.24960469093639404,
    0.2874657530337572
  ],
  "train_acc": [
    15.588235294117647,
    39.705882352941174,
    53.333333333333336,
    65.49019607843137,
    69.2156862745098,
    73.13725490196079,
    80.7843137254902,
    81.76470588235294,
    84.2156862745098,
    82.6470588235294,
    82.25490196078431,
    84.80392156862744,
    84.6078431372549,
    84.70588235294117,
    86.86274509803921,
    85.3921568627451,
    86.47058823529412,
    88.82352941176471,
    88.52941176470588,
    85.88235294117646,
    88.82352941176471,
    89.80392156862744,
    89.90196078431373,
    89.41176470588235,
    90.09803921568627,
    90.58823529411765,
    90.88235294117646,
    88.92156862745098,
    90.19607843137256,
    87.45098039215686,
    88.33333333333333,
    87.05882352941177,
    87.94117647058823,
    89.90196078431373,
    87.94117647058823,
    90.29411764705883,
    90.49019607843137,
    91.37254901960785,
    89.2156862745098,
    91.37254901960785,
    90.29411764705883,
    92.05882352941177,
    91.37254901960785,
    92.15686274509804,
    91.27450980392157,
    90.0,
    91.47058823529412,
    90.68627450980392,
    91.86274509803921,
    88.52941176470588,
    92.3529411764706,
    90.19607843137256,
    89.41176470588235,
    89.90196078431373,
    89.70588235294117,
    90.98039215686275,
    91.76470588235294,
    89.11764705882354,
    91.47058823529412,
    91.66666666666667,
    92.05882352941177,
    93.23529411764706,
    92.54901960784314,
    93.72549019607843,
    93.72549019607843,
    91.66666666666667,
    92.15686274509804,
    92.94117647058823,
    93.13725490196079,
    93.33333333333333,
    92.45098039215686,
    91.07843137254902,
    90.88235294117646,
    90.7843137254902,
    91.56862745098039,
    90.0,
    92.15686274509804,
    93.62745098039215,
    91.47058823529412,
    89.6078431372549,
    92.3529411764706,
    92.25490196078431,
    93.43137254901961,
    92.05882352941177,
    93.23529411764706,
    91.56862745098039,
    90.7843137254902,
    90.98039215686275,
    91.96078431372548,
    93.43137254901961,
    91.66666666666667,
    90.19607843137256,
    91.17647058823529,
    95.29411764705883,
    94.31372549019608,
    93.52941176470588,
    94.31372549019608,
    93.72549019607843,
    93.43137254901961,
    91.56862745098039
  ],
  "val_loss": [
    4.302944236574936,
    2.1786958591848458,
    2.3630889374666264,
    2.2528187320591795,
    1.59078773998998,
    1.6865046372627501,
    1.3954997970264194,
    1.3332985397524784,
    1.4989482188993013,
    1.4489641025676898,
    1.4081574484918247,
    1.2768264292917875,
    1.751497708524003,
    1.3416654786741642,
    1.3796742572955827,
    1.4016743024685685,
    1.378589729365888,
    1.2393783440649355,
    1.3242689759755226,
    1.4651212347092328,
    1.204036456612397,
    1.2768538285992614,
    1.1348953667564867,
    1.333061194946987,
    1.6274304197705471,
    1.403047893500502,
    1.2252974854106653,
    1.720412736941959,
    1.2625919539904047,
    1.5214601182378829,
    1.2387759687295763,
    1.8527335551907573,
    1.2785003670718076,
    1.6288692045551507,
    1.2624762454996046,
    1.1129189261713022,
    1.29431797636171,
    1.3585036028978184,
    1.0762708027765078,
    1.228376417338771,
    1.3454904249324005,
    1.3360179708365814,
    1.1941570076751258,
    1.0401591760144988,
    1.287438877901651,
    1.352081960041819,
    1.1857233293863603,
    0.9594319460285017,
    1.2867764547874987,
    1.4352755765068717,
    1.1628693141033535,
    1.4392110765008364,
    1.3741735470604268,
    1.4924759443540492,
    1.1956278022823232,
    1.1544205483164967,
    1.2526892490945563,
    1.368822464367002,
    1.2270264123793246,
    1.135978647706176,
    1.2117133576210608,
    1.0875453599831186,
    1.3212384476574919,
    1.0566356118980775,
    1.2255662244845935,
    1.241718476119456,
    1.187750086488817,
    1.0979809506912113,
    1.1840486023611259,
    1.1415578345130282,
    1.472943693090597,
    1.4994631423928955,
    1.7420277142212026,
    1.5950277300581392,
    1.5458185376489049,
    1.3547798381307659,
    0.9909026051661569,
    1.2345477926238426,
    1.6483456751734618,
    1.9842093311741489,
    1.2789181897843769,
    1.2512197325710652,
    1.247580084734997,
    1.1435321468010622,
    1.3598688867750186,
    1.3729647426969893,
    1.382533974133654,
    1.328023520915967,
    1.3635434153222632,
    1.2710289922084448,
    1.423636293058028,
    1.364141008693609,
    1.1527639277969424,
    1.0192264989760362,
    1.1106398464711336,
    1.1012759835898414,
    1.2595772519249258,
    1.3081016863139534,
    1.3952447001272186,
    1.2070007403732148
  ],